{
  "parent": "minecraft:husbandry/plant_seed",
  "display": {
    "icon": {
      "item": "minecraft:composter"
    },
    "title": {
      "translate": "再利用"
    },
    "description": {
      "translate": "コンポスターを入手する"
    },
    "frame": "task",
    "show_toast": true,
    "announce_to_chat": true,
    "hidden": false
  },
  "criteria": {
    "wither_skull": {
      "trigger": "minecraft:inventory_changed",
      "conditions": {
        "items": [
          {
            "items": [
              "minecraft:composter"
            ]
          }
        ]
      }
    }
  },
  "requirements": [
    [
      "wither_skull"
    ]
  ]
}