{
  "parent": "napfour_adv:end/mystery",
  "display": {
    "icon": {
      "item": "minecraft:popped_chorus_fruit"
    },
    "title": {
      "translate": "なんで焼いた？"
    },
    "description": {
      "translate": "コーラスフルーツを焼く"
    },
    "frame": "task",
    "show_toast": true,
    "announce_to_chat": true,
    "hidden": false
  },
  "criteria": {
    "wither_skull": {
      "trigger": "minecraft:inventory_changed",
      "conditions": {
        "items": [
          {
            "items": [
              "minecraft:popped_chorus_fruit"
            ]
          }
        ]
      }
    }
  },
  "requirements": [
    [
      "wither_skull"
    ]
  ]
}