{
  "display": {
    "icon": {
      "item": "minecraft:ender_eye"
    },
    "title": "見上げた先には…",
    "description": "エンダードラゴンと運命を感じる",
    "frame": "task",
    "show_toast": true,
    "announce_to_chat": true,
    "hidden": false
  },
  "parent": "napfour_adv:end/destiny",
  "criteria": {
    "a": {
      "trigger": "minecraft:tick",
      "conditions": {
        "player": {
          "type": "minecraft:player",
          "player": {
            "looking_at": {
              "type": "minecraft:ender_dragon"
            }
          }
        }
      }
    }
  }
}