{
  "display": {
    "icon": {
      "item": "minecraft:nether_wart"
    },
    "title": "一体誰が？",
    "description": "ネザーウォートを入手する",
    "frame": "task",
    "show_toast": true,
    "announce_to_chat": true,
    "hidden": false
  },
  "parent": "minecraft:nether/find_fortress",
  "criteria": {
    "sea_pickle": {
      "trigger": "minecraft:inventory_changed",
      "conditions": {
        "items": [
          {
            "items": [
              "minecraft:nether_wart"
            ]
          }
        ]
      }
    }
  }
}
