{
  "parent": "minecraft:nether/root",
  "display": {
    "icon": {
      "item": "minecraft:map"
    },
    "title": [
      {"text":"亜空間バブル","italic":false,"color":"yellow","bold":"true"}
    ],
    "description": {
      "translate": "advancements.nether.fast_travel.description"
    },
    "frame": "challenge",
    "show_toast": true,
    "announce_to_chat": true,
    "hidden": false
  },
  "rewards": {
    "experience": 100
  },
  "criteria": {
    "travelled": {
      "trigger": "minecraft:nether_travel",
      "conditions": {
        "distance": {
          "horizontal": {
            "min": 7000.0
          }
        }
      }
    }
  },
  "requirements": [
    [
      "travelled"
    ]
  ]
}