{
  "display": {
    "icon": {
      "item": "minecraft:chest"
    },
    "title": "でっかい収納",
    "description": "チェストを作る",
    "frame": "task",
    "show_toast": true,
    "announce_to_chat": true,
    "hidden": false
  },
  "parent": "napfour_adv:building/root",
  "criteria": {
    "a": {
      "trigger": "minecraft:inventory_changed",
      "conditions": {
        "items": [
          {
            "items": [
              "minecraft:chest"
            ]
          }
        ]
      }
    }
  }
}