{
  "display": {
    "icon": {
      "item": "minecraft:charcoal"
    },
    "title": "木の燃料",
    "description": "木炭を入手する",
    "frame": "task",
    "show_toast": true,
    "announce_to_chat": true,
    "hidden": false
  },
  "parent": "napfour_adv:under/furnace",
  "criteria": {
    "b": {
      "trigger": "minecraft:inventory_changed",
      "conditions": {
        "items": [
          {
            "items": [
              "minecraft:charcoal"
            ]
          }
        ]
      }
    }
  }
}