{
  "parent": "napfour_adv:under/root",
  "display": {
    "icon": {
      "item": "minecraft:emerald_ore"
    },
    "title": {
      "text": "ピンポイント"
    },
    "description": {
      "text": "山岳地帯の地下にある、エメラルド鉱石を掘る"
    },
    "frame": "task"
  },
  "criteria": {
    "emerald": {
      "trigger": "minecraft:tick",
      "conditions": {
        "player": [
          {
            "condition": "minecraft:entity_properties",
            "entity": "this",
            "predicate": {
              "player": {
                "stats": [
                  {
                    "type": "minecraft:mined",
                    "stat": "minecraft:emerald_ore",
                    "value": {
                    "min": 1
                    }
                  }
                ]
              }
            }
          }
        ]
      }
    }
  }
}