{
  "display": {
    "icon": {
      "item": "minecraft:golden_pickaxe"
    },
    "title": "迅速に",
    "description": "採掘速度上昇のエフェクトを得る",
    "frame": "task",
    "show_toast": true,
    "announce_to_chat": true,
    "hidden": false
  },
  "parent": "napfour_adv:under/root",
  "criteria": {
    "b": {
      "trigger": "minecraft:effects_changed",
      "conditions": {
        "effects": {
          "minecraft:haste": {}
        }
      }
    }
  }
}