{
  "display": {
    "icon": {
      "item": "minecraft:cobweb"
    },
    "title": "斬！斬！",
    "description": "剣で蜘蛛の巣を壊す",
    "frame": "task",
    "show_toast": true,
    "announce_to_chat": true,
    "hidden": false
  },
  "parent": "napfour_adv:under/find_mineshaft",
  "criteria": {
    "b": {
      "trigger": "minecraft:tick",
      "conditions": {
        "player": [
          {
            "condition": "minecraft:entity_properties",
            "entity": "this",
            "predicate": {
              "equipment": {
                "mainhand": {
                  "tag": "napfour_adv:swords"
                }
              },
              "player": {
                "stats": [
                  {
                    "type": "minecraft:mined",
                    "stat": "minecraft:cobweb",
                    "value": {
                      "min": 1
                    }
                  }
                ]
              }
            }
          }
        ]
      }
    }
  }
}