{
  "display": {
    "icon": {
      "item": "minecraft:spawner"
    },
    "title": "制圧完了",
    "description": "スポナーを壊す",
    "frame": "task",
    "show_toast": true,
    "announce_to_chat": true,
    "hidden": false
  },
  "parent": "napfour_adv:under/root",
  "criteria": {
    "spawner": {
      "trigger": "minecraft:tick",
      "conditions": {
        "player": [
          {
            "condition": "minecraft:entity_properties",
            "entity": "this",
            "predicate": {
              "player": {
                "stats": [
                  {
                    "type": "minecraft:mined",
                    "stat": "minecraft:spawner",
					"value": {
				      "min": 1
					}
                  }
                ]
              }
            }
          }
        ]
      }
    }
  }
}