{
  "parent": "minecraft:nether/create_beacon",
  "display": {
    "icon": {
      "item": "minecraft:beacon"
    },
    "title": [
      {"text":"ビーコネーター","italic":false,"color":"yellow","bold":"true"}
    ],
    "description": {
      "translate": "advancements.nether.create_full_beacon.description"
    },
    "frame": "goal",
    "show_toast": true,
    "announce_to_chat": true,
    "hidden": false
  },
  "criteria": {
    "beacon": {
      "trigger": "minecraft:construct_beacon",
      "conditions": {
        "level": 4
      }
    }
  },
  "rewards": {
	"experience": 100
  },
  "requirements": [
    [
      "beacon"
    ]
  ]
}