{
  "parent": "minecraft:nether/return_to_sender",
  "display": {
    "icon": {
      "item": "minecraft:ghast_tear"
    },
    "title": [
      {"text":"不安な同盟","italic":false,"color":"red","bold":"true"}
    ],
    "description": {
      "translate": "advancements.nether.uneasy_alliance.description"
    },
    "frame": "challenge",
    "show_toast": true,
    "announce_to_chat": true,
    "hidden": false
  },
  "rewards": {
    "experience": 600
  },
  "criteria": {
    "killed_ghast": {
      "trigger": "minecraft:player_killed_entity",
      "conditions": {
        "entity": [
          {
            "condition": "minecraft:entity_properties",
            "predicate": {
              "type": "minecraft:ghast",
              "location": {
                "dimension": "minecraft:overworld"
              }
            },
            "entity": "this"
          }
        ]
      }
    }
  },
  "requirements": [
    [
      "killed_ghast"
    ]
  ]
}