{
  "display": {
    "icon": {
      "item": "minecraft:dark_oak_planks"
    },
    "title": "怪しげな洋館",
    "description": "森の洋館を見つける",
    "frame": "task",
    "show_toast": true,
    "announce_to_chat": true,
    "hidden": false
  },
  "parent": "minecraft:adventure/root",
  "criteria": {
    "location": {
      "trigger": "minecraft:location",
      "conditions": {
        "location": {
          "feature": "mansion"
        }
      }
    }
  }
}