{
  "parent": "napfour_adv:aqua/swim",
  "display": {
    "icon": {
      "item": "minecraft:prismarine"
    },
    "title": {
      "text": "海の底"
    },
    "description": {
      "text": "海底神殿を見つける"
    },
    "frame": "task"
  },
  "criteria": {
    "monument": {
      "trigger": "minecraft:location",
	  "conditions": {
		"location": {
		    "feature": "monument"
		}
	  }
    }
  },
  "rewards": {
    "function": "napfour_adv:reward/aqua/find_monument"
  }
}