{
  "parent": "minecraft:husbandry/fishy_business",
  "display": {
    "icon": {
      "item": "minecraft:enchanted_book"
    },
    "title": {
      "translate": "宝！"
    },
    "description": {
      "translate": "釣りでエンチャントの本を釣り上げる"
    },
    "frame": "task",
    "show_toast": true,
    "announce_to_chat": true,
    "hidden": false
  },
  "criteria": {
    "enchantment_book": {
      "trigger": "minecraft:fishing_rod_hooked",
      "conditions": {
        "item": {
          "items": [
            "minecraft:enchanted_book"
          ]
        }
      }
    }
  },
  "rewards": {
    "function": "napfour_adv:reward/aqua/fishing_enchantment_book"
  }
}