{
  "parent": "minecraft:adventure/very_very_frightening",
  "display": {
    "icon": {
      "item": "minecraft:trident",
      "nbt": "{Enchantments:[{}]}"
    },
    "title": [
      {"text":"雷の力！","italic":false,"color":"yellow","bold":"true"}
    ],
    "description": {
      "text": "雷で変化するモブすべてに雷を落とす"
    },
    "frame": "challenge",
    "show_toast": true,
    "announce_to_chat": true,
    "hidden": false
  },
  "criteria": {
    "villager": {
      "trigger": "minecraft:channeled_lightning",
      "conditions": {
        "victims": [
          [
            {
              "condition": "minecraft:entity_properties",
              "predicate": {
                "type": "minecraft:villager"
              },
              "entity": "this"
            }
          ]
        ]
      }
    },
	"mooshroom": {
	  "trigger": "minecraft:channeled_lightning",
	  "conditions": {
		"victims": [
		  [
		    {
              "condition": "minecraft:entity_properties",
              "predicate": {
                "type": "minecraft:mooshroom"
              },
              "entity": "this"
            }
		  ]
		]
	  }
	},
	"creeper": {
	  "trigger": "minecraft:channeled_lightning",
	  "conditions": {
		"victims": [
		  [
		    {
              "condition": "minecraft:entity_properties",
              "predicate": {
                "type": "minecraft:creeper"
              },
              "entity": "this"
            }
		  ]
		]
	  }
	},
	"pig": {
	  "trigger": "minecraft:channeled_lightning",
	  "conditions": {
		"victims": [
		  [
		    {
              "condition": "minecraft:entity_properties",
              "predicate": {
                "type": "minecraft:pig"
              },
              "entity": "this"
            }
		  ]
		]
	  }
	}
  },
  "rewards": {
    "function": "napfour_adv:reward/aqua/lightning_mobs",
	"experience": 700
  }
}