{
  "display": {
    "icon": {
      "item": "minecraft:sea_pickle"
    },
    "title": "な・・・なにこれ？",
    "description": "シーピクルスを入手する",
    "frame": "task",
    "show_toast": true,
    "announce_to_chat": true,
    "hidden": false
  },
  "parent": "napfour_adv:aqua/all_corals",
  "criteria": {
    "sea_pickle": {
      "trigger": "minecraft:inventory_changed",
      "conditions": {
        "items": [
          {
            "items": [
              "minecraft:sea_pickle"
            ]
          }
        ]
      }
    }
  },
  "rewards": {
    "function": "napfour_adv:reward/aqua/sea_pickle"
  }
}
