{
  "display": {
    "icon": {
      "item": "minecraft:crossbow"
    },
    "title": "遅っそ！",
    "description": "水の中でクロスボウを撃つ",
    "frame": "task",
    "show_toast": true,
    "announce_to_chat": true,
    "hidden": false
  },
  "parent": "napfour_adv:aqua/swim",
  "criteria": {
    "watercrossbow": {
      "trigger": "minecraft:shot_crossbow",
      "conditions": {
        "player": {
          "team": "np4_inwater"
        }
      }
    }
  },
  "rewards": {
    "function": "napfour_adv:reward/aqua/shot_crossbow_inwater"
  }
}