{
  "display": {
    "icon": {
      "item": "minecraft:turtle_egg"
    },
    "title": "カメの贈り物",
    "description": "カメを繁殖させる※カメの卵をモブから守りましょう！",
    "frame": "task",
    "show_toast": true,
    "announce_to_chat": true,
    "hidden": false
  },
  "parent": "napfour_adv:aqua/root",
  "criteria": {
    "turtle": {
      "trigger": "minecraft:bred_animals",
      "conditions": {
        "parent": {
          "type": "minecraft:turtle"
        }
      }
    }
  },
  "rewards": {
    "function": "napfour_adv:reward/aqua/turtle_bred"
  }
}
