{
  "display": {
    "icon": {
      "item": "minecraft:turtle_helmet"
    },
    "title": [
	  {"text":"カメの頭","italic":false,"color":"yellow","bold":"true"}
	],
    "description": "カメのウロコでヘルメットを作る",
    "frame": "challenge",
    "show_toast": true,
    "announce_to_chat": true,
    "hidden": false
  },
  "parent": "napfour_adv:aqua/turtle_bred",
  "criteria": {
    "helmet": {
      "trigger": "minecraft:inventory_changed",
      "conditions": {
        "items": [
          {
            "items": [
              "minecraft:turtle_helmet"
            ]
          }
        ]
      }
    }
  },
  "rewards": {
    "function": "napfour_adv:reward/aqua/turtle_helmet",
	"experience": 600
  }
}