{
  "display": {
    "icon": {
      "item": "minecraft:hay_block",
      "nbt": "{Enchantments:[{}]}"
    },
    "title": [
      {
        "text": "農業の覇者",
        "color": "red",
        "bold": true,
        "italic": false
      }
    ],
    "description": "このタブの全ての進捗を達成する",
    "frame": "challenge",
    "show_toast": true,
    "announce_to_chat": true,
    "hidden": false
  },
  "parent": "minecraft:husbandry/root",
  "criteria": {
    "balanced_diet": {
      "trigger": "minecraft:impossible"
    },
    "bred_all_animals": {
      "trigger": "minecraft:impossible"
    },
    "complete_catalogue": {
      "trigger": "minecraft:impossible"
    },
    "obtain_netherite_hoe": {
      "trigger": "minecraft:impossible"
    },
    "break_netherite_hoe": {
      "trigger": "minecraft:impossible"
    },
    "recycle": {
      "trigger": "minecraft:impossible"
    },
    "breed_an_animal": {
      "trigger": "minecraft:impossible"
    },
    "plant_seed": {
      "trigger": "minecraft:impossible"
    },
    "ride_a_boat_with_a_goat": {
      "trigger": "minecraft:impossible"
    },
    "root": {
      "trigger": "minecraft:impossible"
    },
    "safely_harvest_honey": {
      "trigger": "minecraft:impossible"
    },
    "silk_touch_nest": {
      "trigger": "minecraft:impossible"
    },
    "tame_an_animal": {
      "trigger": "minecraft:impossible"
    },
    "wax_off": {
      "trigger": "minecraft:impossible"
    },
    "wax_on": {
      "trigger": "minecraft:impossible"
    }
  },
  "rewards": {
    "experience": 1000
  }
}