{
  "display": {
    "icon": {
      "item": "minecraft:shulker_box",
      "nbt": "{Enchantments:[{}]}"
    },
    "title": [
	  {"text":"カラフルボックス","italic":false,"color":"yellow","bold":"false"}
	],
    "description": "全ての色のシュルカーボックスを入手する",
    "frame": "challenge",
    "show_toast": true,
    "announce_to_chat": true,
    "hidden": false
  },
  "parent": "napfour_adv:end/shulker_box",
  "criteria": {
    "a": {
      "trigger": "minecraft:inventory_changed",
      "conditions": {
        "items": [
          {
            "items": [
              "minecraft:shulker_box"
            ]
          }
        ]
      }
    },
    "i": {
      "trigger": "minecraft:inventory_changed",
      "conditions": {
        "items": [
          {
            "items": [
              "minecraft:black_shulker_box"
            ]
          }
        ]
      }
    },
    "u": {
      "trigger": "minecraft:inventory_changed",
      "conditions": {
        "items": [
          {
            "items": [
              "minecraft:blue_shulker_box"
            ]
          }
        ]
      }
    },
    "e": {
      "trigger": "minecraft:inventory_changed",
      "conditions": {
        "items": [
          {
            "items": [
              "minecraft:brown_shulker_box"
            ]
          }
        ]
      }
    },
    "o": {
      "trigger": "minecraft:inventory_changed",
      "conditions": {
        "items": [
          {
            "items": [
              "minecraft:cyan_shulker_box"
            ]
          }
        ]
      }
    },
    "ka": {
      "trigger": "minecraft:inventory_changed",
      "conditions": {
        "items": [
          {
            "items": [
              "minecraft:gray_shulker_box"
            ]
          }
        ]
      }
    },
    "ki": {
      "trigger": "minecraft:inventory_changed",
      "conditions": {
        "items": [
          {
            "items": [
              "minecraft:green_shulker_box"
            ]
          }
        ]
      }
    },
    "ku": {
      "trigger": "minecraft:inventory_changed",
      "conditions": {
        "items": [
          {
            "items": [
              "minecraft:light_blue_shulker_box"
            ]
          }
        ]
      }
    },
    "ke": {
      "trigger": "minecraft:inventory_changed",
      "conditions": {
        "items": [
          {
            "items": [
              "minecraft:light_gray_shulker_box"
            ]
          }
        ]
      }
    },
    "ko": {
      "trigger": "minecraft:inventory_changed",
      "conditions": {
        "items": [
          {
            "items": [
              "minecraft:lime_shulker_box"
            ]
          }
        ]
      }
    },
    "sa": {
      "trigger": "minecraft:inventory_changed",
      "conditions": {
        "items": [
          {
            "items": [
              "minecraft:magenta_shulker_box"
            ]
          }
        ]
      }
    },
    "si": {
      "trigger": "minecraft:inventory_changed",
      "conditions": {
        "items": [
          {
            "items": [
              "minecraft:orange_shulker_box"
            ]
          }
        ]
      }
    },
    "su": {
      "trigger": "minecraft:inventory_changed",
      "conditions": {
        "items": [
          {
            "items": [
              "minecraft:pink_shulker_box"
            ]
          }
        ]
      }
    },
    "se": {
      "trigger": "minecraft:inventory_changed",
      "conditions": {
        "items": [
          {
            "items": [
              "minecraft:purple_shulker_box"
            ]
          }
        ]
      }
    },
    "so": {
      "trigger": "minecraft:inventory_changed",
      "conditions": {
        "items": [
          {
            "items": [
              "minecraft:red_shulker_box"
            ]
          }
        ]
      }
    },
    "ta": {
      "trigger": "minecraft:inventory_changed",
      "conditions": {
        "items": [
          {
            "items": [
              "minecraft:white_shulker_box"
            ]
          }
        ]
      }
    },
    "ti": {
      "trigger": "minecraft:inventory_changed",
      "conditions": {
        "items": [
          {
            "items": [
              "minecraft:yellow_shulker_box"
            ]
          }
        ]
      }
    }
  },
  "rewards": {
    "experience": 200
  }
}