{
  "parent": "minecraft:end/find_end_city",
  "display": {
    "icon": {
      "item": "minecraft:shulker_shell"
    },
    "title": [
      {"text":"ここからの素晴らしい眺め","italic":false,"color":"yellow","bold":"true"}
    ],
    "description": {
      "translate": "advancements.end.levitate.description"
    },
    "frame": "challenge",
    "show_toast": true,
    "announce_to_chat": true,
    "hidden": false
  },
  "rewards": {
    "experience": 50
  },
  "criteria": {
    "levitated": {
      "trigger": "minecraft:levitation",
      "conditions": {
        "distance": {
          "y": {
            "min": 50.0
          }
        }
      }
    }
  },
  "requirements": [
    [
      "levitated"
    ]
  ]
}