{
  "display": {
    "icon": {
      "item": "minecraft:lingering_potion"
    },
    "title": "残ってなさい",
    "description": "残留ポーションを醸造する",
    "frame": "task",
    "show_toast": true,
    "announce_to_chat": true,
    "hidden": false
  },
  "parent": "minecraft:end/dragon_breath",
  "criteria": {
    "b": {
      "trigger": "minecraft:inventory_changed",
      "conditions": {
        "items": [
          {
            "items": [
              "minecraft:lingering_potion"
            ]
          }
        ]
      }
    }
  }
}