{
  "display": {
    "icon": {
      "item": "minecraft:potion",
	  "nbt": "{Potion:\"minecraft:slow_falling\"}"
    },
    "title": [
	  {"text":"I can fly!","italic":false,"color":"yellow","bold":"false"}
	],
    "description": "低速落下の効果を受けた状態で高所から落下する。※安心してください！何も起きません！",
    "frame": "challenge",
    "show_toast": true,
    "announce_to_chat": true,
    "hidden": false
  },
  "parent": "minecraft:nether/brew_potion",
  "rewards": {
	"experience": 50
  },
  "criteria": {
    "a": {
      "trigger": "minecraft:tick",
      "conditions": {
        "player": {
          "team": "np4_icanfly",
          "effects": {
            "minecraft:slow_falling": {}
          }
        }
      }
    }
  }
}