{
  "parent": "napfour_adv:magic/enchanting_table",
  "display": {
    "icon": {
      "item": "minecraft:bookshelf"
    },
    "title": {
      "translate": "一段階の強化！"
    },
    "description": {
      "translate": "本棚を入手する"
    },
    "frame": "task",
    "show_toast": true,
    "announce_to_chat": true,
    "hidden": false
  },
  "criteria": {
    "wither_skull": {
      "trigger": "minecraft:inventory_changed",
      "conditions": {
        "items": [
          {
            "items": [
              "minecraft:bookshelf"
            ]
          }
        ]
      }
    }
  },
  "requirements": [
    [
      "wither_skull"
    ]
  ]
}