{
  "display": {
    "icon": {
      "item": "minecraft:lava_bucket"
    },
    "title": "クールなままで",
    "description": "火炎耐性のエフェクトが付いた状態で溶岩の中を泳ぐ",
    "frame": "task",
    "show_toast": true,
    "announce_to_chat": true,
    "hidden": false
  },
  "parent": "minecraft:nether/root",
  "criteria": {
    "cool": {
      "trigger": "minecraft:tick",
      "conditions": {
        "player": [
          {
            "condition": "minecraft:entity_properties",
            "entity": "this",
            "predicate": {
              "stepping_on": {
                "fluid": {
                  "tag": "minecraft:lava"
                }
              },
              "effects": {
                "minecraft:fire_resistance": {}
              }
            }
          }
        ]
      }
    }
  }
}