{
  "parent": "napfour_adv:monster/root",
  "display": {
    "icon": {
      "item": "minecraft:wooden_axe"
    },
    "title": {
      "translate": "剣よりも攻撃力が高い"
    },
    "description": {
      "translate": "斧を作り、攻撃する"
    },
    "frame": "task"
  },
  "criteria": {
    "sword": {
      "trigger": "minecraft:player_hurt_entity",
      "conditions": {
        "damage": {
          "source_entity": {
            "equipment": {
              "mainhand": {
                "tag": "napfour_adv:axes"
               }
             }
          }
        }
      }
    }
  }
}