{
  "display": {
    "icon": {
      "item": "minecraft:rotten_flesh"
    },
    "title": "こいつは敵だ！",
    "description": "ゾンビピグリンを攻撃する。",
    "frame": "task",
    "show_toast": true,
    "announce_to_chat": true,
    "hidden": false
  },
  "parent": "napfour_adv:monster/sword",
  "criteria": {
    "zombiepig": {
      "trigger": "minecraft:player_hurt_entity",
      "conditions": {
        "entity": {
          "type": "minecraft:zombified_piglin"
        }
      }
    }
  }
}