{
  "display": {
    "icon": {
      "item": "minecraft:spectral_arrow"
    },
    "title": "光れ！",
    "description": "光の矢を入手する",
    "frame": "task",
    "show_toast": true,
    "announce_to_chat": true,
    "hidden": false
  },
  "parent": "minecraft:adventure/shoot_arrow",
  "criteria": {
    "b": {
      "trigger": "minecraft:inventory_changed",
      "conditions": {
        "items": [
          {
            "items": [
              "minecraft:spectral_arrow"
            ]
          }
        ]
      }
    }
  }
}