{
  "display": {
    "icon": {
      "item": "minecraft:heart_of_the_sea",
	  "nbt": "{Enchantments:[{}]}"
    },
    "title": [
	  {"text":"海の覇者","italic":false,"color":"red","bold":"true"}
	],
    "description": "このタブの全ての進捗を達成する",
    "frame": "challenge",
    "show_toast": true,
    "announce_to_chat": true,
    "hidden": false
  },
  "parent": "napfour_adv:aqua/conduit_power",
  "criteria": {
    "swim": {
      "trigger": "minecraft:impossible"
    },
	"all_coral_blocks": {
      "trigger": "minecraft:impossible"
    },
	"all_corals": {
      "trigger": "minecraft:impossible"
    },
	"all_fish": {
      "trigger": "minecraft:impossible"
    },
	"all_ocean_biome": {
      "trigger": "minecraft:impossible"
    },
	"conduit_power": {
      "trigger": "minecraft:impossible"
    },
	"diver": {
      "trigger": "minecraft:impossible"
    },
	"filled_water_bucket": {
      "trigger": "minecraft:impossible"
    },
	"find_monument": {
      "trigger": "minecraft:impossible"
    },
	"find_ocean_ruin": {
      "trigger": "minecraft:impossible"
    },
	"find_ship": {
      "trigger": "minecraft:impossible"
    },
	"find_treasure_map": {
      "trigger": "minecraft:impossible"
    },
	"fishing_enchantment_book": {
      "trigger": "minecraft:impossible"
    },
	"fishing_inc_sac": {
      "trigger": "minecraft:impossible"
    },
	"heart_of_the_sea": {
      "trigger": "minecraft:impossible"
    },
	"killed_elder_guardian": {
      "trigger": "minecraft:impossible"
    },
	"lightning_mobs": {
      "trigger": "minecraft:impossible"
    },
	"mined_kelp": {
      "trigger": "minecraft:impossible"
    },
	"not_cold": {
      "trigger": "minecraft:impossible"
    },
	"ocean_ruined_portal": {
      "trigger": "minecraft:impossible"
    },
	"place_sponge": {
      "trigger": "minecraft:impossible"
    },
	"root": {
      "trigger": "minecraft:impossible"
    },
	"sea_pickle": {
      "trigger": "minecraft:impossible"
    },
	"shot_crossbow_inwater": {
      "trigger": "minecraft:impossible"
    },
	"soul_sand": {
      "trigger": "minecraft:impossible"
    },
	"turtle_bred": {
      "trigger": "minecraft:impossible"
    },
	"turtle_helmet": {
      "trigger": "minecraft:impossible"
    },
	"water_breathing_potion": {
      "trigger": "minecraft:impossible"
    },
	"axolotl_in_a_bucket": {
      "trigger": "minecraft:impossible"
    },
	"fishy_business": {
      "trigger": "minecraft:impossible"
    },
	"kill_axolotl_target": {
      "trigger": "minecraft:impossible"
    },
	"make_a_sign_glow": {
      "trigger": "minecraft:impossible"
    },
	"tactical_fishing": {
      "trigger": "minecraft:impossible"
    },
	"throw_trident": {
      "trigger": "minecraft:impossible"
    },
	"very_very_frightening": {
      "trigger": "minecraft:impossible"
    },
	"boat_one_cm_1km": {
	  "trigger": "minecraft:impossible"
	}
  },
  "rewards": {
    "experience": 1100
  }
}