{
  "display": {
    "icon": {
      "item": "minecraft:water_bucket"
    },
    "title": "無限の資源！",
    "description": "バケツを水で満たす",
    "frame": "task",
    "show_toast": true,
    "announce_to_chat": true,
    "hidden": false
  },
  "parent": "napfour_adv:aqua/swim",
  "criteria": {
    "water": {
      "trigger": "minecraft:filled_bucket",
      "conditions": {
        "item": {
          "items": [
            "minecraft:water_bucket"
          ]
        }
      }
    }
  },
  "rewards": {
    "function": "napfour_adv:reward/aqua/filled_water_bucket"
  }
}