{
  "display": {
    "icon": {
      "item": "minecraft:diamond_pickaxe"
    },
    "title": [
	  {"text":"ツルハシの力！","italic":false,"color":"yellow","bold":"false"}
	],
    "description": "全ての種類のツルハシを手に入れる",
    "frame": "challenge",
    "show_toast": true,
    "announce_to_chat": true,
    "hidden": false
  },
  "parent": "napfour_adv:under/root",
  "criteria": {
    "wooden": {
      "trigger": "minecraft:inventory_changed",
      "conditions": {
        "items": [
          {
            "items": [
              "minecraft:wooden_pickaxe"
            ]
          }
        ]
      }
    },
    "stone": {
      "trigger": "minecraft:inventory_changed",
      "conditions": {
        "items": [
          {
            "items": [
              "minecraft:stone_pickaxe"
            ]
          }
        ]
      }
    },
    "iron": {
      "trigger": "minecraft:inventory_changed",
      "conditions": {
        "items": [
          {
            "items": [
              "minecraft:iron_pickaxe"
            ]
          }
        ]
      }
    },
    "golden": {
      "trigger": "minecraft:inventory_changed",
      "conditions": {
        "items": [
          {
            "items": [
              "minecraft:golden_pickaxe"
            ]
          }
        ]
      }
    },
    "diamond": {
      "trigger": "minecraft:inventory_changed",
      "conditions": {
        "items": [
          {
            "items": [
              "minecraft:diamond_pickaxe"
            ]
          }
        ]
      }
    },
    "netherite": {
      "trigger": "minecraft:inventory_changed",
      "conditions": {
        "items": [
          {
            "items": [
              "minecraft:netherite_pickaxe"
            ]
          }
        ]
      }
    }
  },
  "rewards": {
    "experience": 200
  }
}