{
  "parent": "minecraft:story/mine_diamond",
  "display": {
    "icon": {
      "item": "minecraft:diamond_pickaxe"
    },
    "title": {
      "text": "最高級の輝き"
    },
    "description": {
      "text": "ダイヤモンドのピッケルを作る"
    },
    "frame": "task"
  },
  "criteria": {
    "diamond_pickaxe": {
      "trigger": "minecraft:inventory_changed",
      "conditions": {
        "items": [
          {
            "items": [
              "minecraft:diamond_pickaxe"
            ]
          }
        ]
      }
    }
  }
}