{
  "display": {
    "icon": {
      "item": "minecraft:stone"
    },
    "title": "熱くて硬い",
    "description": "石を手に入れる",
    "frame": "task",
    "show_toast": true,
    "announce_to_chat": true,
    "hidden": false
  },
  "parent": "napfour_adv:under/furnace",
  "criteria": {
    "stone": {
      "trigger": "minecraft:inventory_changed",
      "conditions": {
        "items": [
          {
            "items": [
              "minecraft:stone"
            ]
          }
        ]
      }
    }
  }
}