{
  "display": {
    "icon": {
      "item": "minecraft:nether_star",
      "nbt": "{Enchantments:[{}]}"
    },
    "title": [
	  {"text":"作業厨のすゝめ！","italic":false,"color":"red","bold":"true"}
	],
    "description": "ネザースターを128個集める",
    "frame": "challenge",
    "show_toast": true,
    "announce_to_chat": true,
    "hidden": false
  },
  "parent": "minecraft:nether/summon_wither",
  "criteria": {
    "a": {
      "trigger": "minecraft:inventory_changed",
      "conditions": {
        "slots": {
          "full": 2
        },
        "items": [
          {
            "items": [
              "minecraft:nether_star"
            ]
          }
        ]
      }
    }
  },
  "rewards": {
    "experience": 200
  }
}