{
  "parent": "napfour_adv:monster/root",
  "display": {
    "icon": {
      "item": "minecraft:stone_pickaxe"
    },
    "title": {
      "translate": "臨時的"
    },
    "description": {
      "translate": "ツルハシで攻撃する"
    },
    "frame": "task"
  },
  "criteria": {
    "sword": {
      "trigger": "minecraft:player_hurt_entity",
      "conditions": {
        "damage": {
          "source_entity": {
            "equipment": {
              "mainhand": {
                "tag": "napfour_adv:pickaxes"
               }
             }
          }
        }
      }
    }
  }
}