{
  "parent": "minecraft:nether/ride_strider",
  "display": {
    "icon": {
      "item": "minecraft:netherite_boots",
      "nbt": "{Damage:0}"
    },
    "title": [
      {"text":"ホットな観光地","italic":false,"color":"yellow","bold":"true"}
    ],
    "description": {
      "translate": "advancements.nether.explore_nether.description"
    },
    "frame": "challenge",
    "show_toast": true,
    "announce_to_chat": true,
    "hidden": false
  },
  "rewards": {
    "experience": 500
  },
  "criteria": {
    "minecraft:nether_wastes": {
      "trigger": "minecraft:location",
      "conditions": {
        "location": {
          "biome": "minecraft:nether_wastes"
        }
      }
    },
    "minecraft:soul_sand_valley": {
      "trigger": "minecraft:location",
      "conditions": {
        "location": {
          "biome": "minecraft:soul_sand_valley"
        }
      }
    },
    "minecraft:warped_forest": {
      "trigger": "minecraft:location",
      "conditions": {
        "location": {
          "biome": "minecraft:warped_forest"
        }
      }
    },
    "minecraft:crimson_forest": {
      "trigger": "minecraft:location",
      "conditions": {
        "location": {
          "biome": "minecraft:crimson_forest"
        }
      }
    },
    "minecraft:basalt_deltas": {
      "trigger": "minecraft:location",
      "conditions": {
        "location": {
          "biome": "minecraft:basalt_deltas"
        }
      }
    }
  },
  "requirements": [
    [
      "minecraft:nether_wastes"
    ],
    [
      "minecraft:soul_sand_valley"
    ],
    [
      "minecraft:warped_forest"
    ],
    [
      "minecraft:crimson_forest"
    ],
    [
      "minecraft:basalt_deltas"
    ]
  ]
}