{
  "display": {
    "icon": {
      "item": "minecraft:netherite_chestplate",
      "nbt": "{Damage:0}"
    },
    "title": [
	  {"text":"負ける気がしない","italic":false,"color":"yellow","bold":"true"}
	],
    "description": "全身をネザライトの装備で覆う",
    "frame": "challenge",
    "show_toast": true,
    "announce_to_chat": true,
    "hidden": false
  },
  "parent": "minecraft:story/shiny_gear",
  "criteria": {
    "gg": {
      "trigger": "minecraft:tick",
      "conditions": {
        "player": {
          "equipment": {
            "head": {
              "items": [
                "minecraft:netherite_helmet"
              ]
            },
            "chest": {
              "items": [
                "minecraft:netherite_chestplate"
              ]
            },
            "legs": {
              "items": [
                "minecraft:netherite_leggings"
              ]
            },
            "feet": {
              "items": [
                "minecraft:netherite_boots"
              ]
            }
          }
        }
      }
    }
  },
  "rewards": {
    "experience": 500
  }
}