{
  "parent": "minecraft:adventure/ol_betsy",
  "display": {
    "icon": {
      "item": "minecraft:crossbow",
      "nbt": "{Enchantments:[{}],Damage:0}"
    },
    "title": [
      {"text":"匠の技","italic":false,"color":"yellow","bold":"true"}
    ],
    "description": {
      "translate": "advancements.adventure.arbalistic.description"
    },
    "frame": "challenge",
    "show_toast": true,
    "announce_to_chat": true,
    "hidden": true
  },
  "rewards": {
    "experience": 85
  },
  "criteria": {
    "arbalistic": {
      "trigger": "minecraft:killed_by_crossbow",
      "conditions": {
        "unique_entity_types": 5
      }
    }
  },
  "requirements": [
    [
      "arbalistic"
    ]
  ]
}