{
  "display": {
    "icon": {
      "item": "minecraft:diamond_axe",
      "nbt": "{Damage:0}"
    },
    "title": [
	  {"text":"斧の達人","italic":false,"color":"yellow","bold":"false"}
	],
    "description": "全ての種類の斧を手に入れる",
    "frame": "challenge",
    "show_toast": true,
    "announce_to_chat": true,
    "hidden": false
  },
  "parent": "napfour_adv:monster/axe",
  "criteria": {
    "wooden": {
      "trigger": "minecraft:inventory_changed",
      "conditions": {
        "items": [
          {
            "items": [
              "minecraft:wooden_axe"
            ]
          }
        ]
      }
    },
    "stone": {
      "trigger": "minecraft:inventory_changed",
      "conditions": {
        "items": [
          {
            "items": [
              "minecraft:stone_axe"
            ]
          }
        ]
      }
    },
    "iron": {
      "trigger": "minecraft:inventory_changed",
      "conditions": {
        "items": [
          {
            "items": [
              "minecraft:iron_axe"
            ]
          }
        ]
      }
    },
    "golden": {
      "trigger": "minecraft:inventory_changed",
      "conditions": {
        "items": [
          {
            "items": [
              "minecraft:golden_axe"
            ]
          }
        ]
      }
    },
    "diamond": {
      "trigger": "minecraft:inventory_changed",
      "conditions": {
        "items": [
          {
            "items": [
              "minecraft:diamond_axe"
            ]
          }
        ]
      }
    },
    "netherite": {
      "trigger": "minecraft:inventory_changed",
      "conditions": {
        "items": [
          {
            "items": [
              "minecraft:netherite_axe"
            ]
          }
        ]
      }
    }
  },
  "rewards": {
    "experience": 600
  }
}