{
  "display": {
    "icon": {
      "item": "minecraft:iron_chestplate",
      "nbt": "{Damage:0}"
    },
    "title": "アイアンマン",
    "description": "全身を鉄装備で覆う",
    "frame": "task",
    "show_toast": true,
    "announce_to_chat": true,
    "hidden": false
  },
  "parent": "minecraft:story/obtain_armor",
  "criteria": {
    "gg": {
      "trigger": "minecraft:tick",
      "conditions": {
        "player": {
          "equipment": {
            "head": {
              "items": [
                "minecraft:iron_helmet"
              ]
            },
            "chest": {
              "items": [
                "minecraft:iron_chestplate"
              ]
            },
            "legs": {
              "items": [
                "minecraft:iron_leggings"
              ]
            },
            "feet": {
              "items": [
                "minecraft:iron_boots"
              ]
            }
          }
        }
      }
    }
  }
}
