{
  "display": {
    "icon": {
      "item": "minecraft:trident"
    },
    "title": "人間ではありません！",
    "description": "イルカを倒す",
    "frame": "task",
    "show_toast": true,
    "announce_to_chat": true,
    "hidden": false
  },
  "parent": "napfour_adv:monster/sword",
  "criteria": {
    "dolph": {
      "trigger": "minecraft:player_killed_entity",
      "conditions": {
        "entity": {
          "type": "minecraft:dolphin"
        }
      }
    }
  }
}