{
  "display": {
    "icon": {
      "item": "minecraft:diamond_sword",
      "nbt": "{Damage:0}"
    },
    "title": [
	  {"text":"真の達人は剣を選ばない","italic":false,"color":"yellow","bold":"false"}
	],
    "description": "全ての種類の剣を手に入れる",
    "frame": "challenge",
    "show_toast": true,
    "announce_to_chat": true,
    "hidden": false
  },
  "parent": "napfour_adv:monster/sword",
  "criteria": {
    "wooden": {
      "trigger": "minecraft:inventory_changed",
      "conditions": {
        "items": [
          {
            "items": [
              "minecraft:wooden_sword"
            ]
          }
        ]
      }
    },
    "stone": {
      "trigger": "minecraft:inventory_changed",
      "conditions": {
        "items": [
          {
            "items": [
              "minecraft:stone_sword"
            ]
          }
        ]
      }
    },
    "iron": {
      "trigger": "minecraft:inventory_changed",
      "conditions": {
        "items": [
          {
            "items": [
              "minecraft:iron_sword"
            ]
          }
        ]
      }
    },
    "golden": {
      "trigger": "minecraft:inventory_changed",
      "conditions": {
        "items": [
          {
            "items": [
              "minecraft:golden_sword"
            ]
          }
        ]
      }
    },
    "diamond": {
      "trigger": "minecraft:inventory_changed",
      "conditions": {
        "items": [
          {
            "items": [
              "minecraft:diamond_sword"
            ]
          }
        ]
      }
    },
    "netherite": {
      "trigger": "minecraft:inventory_changed",
      "conditions": {
        "items": [
          {
            "items": [
              "minecraft:netherite_sword"
            ]
          }
        ]
      }
    }
  },
  "rewards": {
    "experience": 600
  }
}