{
  "display": {
    "icon": {
      "item": "minecraft:oak_boat"
    },
    "title": [
	  {"text":"危険な船旅","italic":false,"color":"yellow","bold":"false"}
	],
    "description": "ネザーを足のついていないボートに乗って探検する",
    "frame": "challenge",
    "show_toast": true,
    "announce_to_chat": true,
    "hidden": false
  },
  "parent": "minecraft:nether/root",
  "criteria": {
    "a": {
      "trigger": "minecraft:tick",
      "conditions": {
        "player": {
          "type": "minecraft:player",
          "vehicle": {
            "type": "minecraft:boat",
            "location": {
              "dimension": "minecraft:the_nether"
            }
          }
        }
      }
    }
  },
  "rewards": {
    "experience": 200
  }
}