{
  "display": {
    "icon": {
      "item": "minecraft:soul_torch"
    },
    "title": "魂の光",
    "description": "魂の松明で暗闇を照らす※暗闇でないところでも可",
    "frame": "task",
    "show_toast": true,
    "announce_to_chat": true,
    "hidden": false
  },
  "parent": "minecraft:nether/root",
  "criteria": {
    "bbbb": {
      "trigger": "minecraft:placed_block",
      "conditions": {
        "block": "minecraft:soul_torch"
      }
    },
    "bbbbb": {
      "trigger": "minecraft:placed_block",
      "conditions": {
        "block": "minecraft:soul_wall_torch"
      }
    }
  },
  "requirements": [
    [
      "bbbb",
      "bbbbb"
    ]
  ]
}