{
  "display": {
    "icon": {
      "item": "minecraft:tube_coral"
    },
    "title": [
	  {"text":"サンゴコレクター","italic":false,"color":"yellow","bold":"true"}
	],
    "description": "サンゴを全種類集める",
    "frame": "challenge",
    "show_toast": true,
    "announce_to_chat": true,
    "hidden": false
  },
  "parent": "napfour_adv:aqua/diver",
  "criteria": {
    "requirement": {
      "trigger": "minecraft:inventory_changed",
      "conditions": {
        "items": [
          {
            "items": [
              "minecraft:tube_coral"
            ]
          }
        ]
      }
    },
    "tube_fan": {
      "trigger": "minecraft:inventory_changed",
      "conditions": {
        "items": [
          {
            "items": [
              "minecraft:tube_coral_fan"
            ]
          }
        ]
      }
    },
    "tube_dead": {
      "trigger": "minecraft:inventory_changed",
      "conditions": {
        "items": [
          {
            "items": [
              "minecraft:dead_tube_coral"
            ]
          }
        ]
      }
    },
    "tube_dead_fan": {
      "trigger": "minecraft:inventory_changed",
      "conditions": {
        "items": [
          {
            "items": [
              "minecraft:dead_tube_coral_fan"
            ]
          }
        ]
      }
    },
    "fire": {
      "trigger": "minecraft:inventory_changed",
      "conditions": {
        "items": [
          {
            "items": [
              "minecraft:fire_coral"
            ]
          }
        ]
      }
    },
    "fire_fan": {
      "trigger": "minecraft:inventory_changed",
      "conditions": {
        "items": [
          {
            "items": [
              "minecraft:fire_coral_fan"
            ]
          }
        ]
      }
    },
    "fire_dead": {
      "trigger": "minecraft:inventory_changed",
      "conditions": {
        "items": [
          {
            "items": [
              "minecraft:dead_fire_coral"
            ]
          }
        ]
      }
    },
    "fire_dead_fan": {
      "trigger": "minecraft:inventory_changed",
      "conditions": {
        "items": [
          {
            "items": [
              "minecraft:dead_fire_coral_fan"
            ]
          }
        ]
      }
    },
    "bubble": {
      "trigger": "minecraft:inventory_changed",
      "conditions": {
        "items": [
          {
            "items": [
              "minecraft:bubble_coral"
            ]
          }
        ]
      }
    },
    "bubble_fan": {
      "trigger": "minecraft:inventory_changed",
      "conditions": {
        "items": [
          {
            "items": [
              "minecraft:bubble_coral_fan"
            ]
          }
        ]
      }
    },
    "bubble_dead": {
      "trigger": "minecraft:inventory_changed",
      "conditions": {
        "items": [
          {
            "items": [
              "minecraft:dead_bubble_coral"
            ]
          }
        ]
      }
    },
    "bubble_dead_fan": {
      "trigger": "minecraft:inventory_changed",
      "conditions": {
        "items": [
          {
            "items": [
              "minecraft:dead_bubble_coral_fan"
            ]
          }
        ]
      }
    },
    "horn": {
      "trigger": "minecraft:inventory_changed",
      "conditions": {
        "items": [
          {
            "items": [
              "minecraft:horn_coral"
            ]
          }
        ]
      }
    },
    "horn_fan": {
      "trigger": "minecraft:inventory_changed",
      "conditions": {
        "items": [
          {
            "items": [
              "minecraft:horn_coral_fan"
            ]
          }
        ]
      }
    },
    "horn_dead": {
      "trigger": "minecraft:inventory_changed",
      "conditions": {
        "items": [
          {
            "items": [
              "minecraft:dead_horn_coral"
            ]
          }
        ]
      }
    },
    "horn_dead_fan": {
      "trigger": "minecraft:inventory_changed",
      "conditions": {
        "items": [
          {
            "items": [
              "minecraft:dead_horn_coral_fan"
            ]
          }
        ]
      }
    },
    "brain": {
      "trigger": "minecraft:inventory_changed",
      "conditions": {
        "items": [
          {
            "items": [
              "minecraft:brain_coral"
            ]
          }
        ]
      }
    },
    "brain_fan": {
      "trigger": "minecraft:inventory_changed",
      "conditions": {
        "items": [
          {
            "items": [
              "minecraft:brain_coral_fan"
            ]
          }
        ]
      }
    },
    "brain_dead": {
      "trigger": "minecraft:inventory_changed",
      "conditions": {
        "items": [
          {
            "items": [
              "minecraft:dead_brain_coral"
            ]
          }
        ]
      }
    },
    "brain_dead_fan": {
      "trigger": "minecraft:inventory_changed",
      "conditions": {
        "items": [
          {
            "items": [
              "minecraft:dead_brain_coral_fan"
            ]
          }
        ]
      }
    }
  },
  "rewards": {
    "function": "napfour_adv:reward/aqua/all_corals",
	"experience": 1000
  }
}
