{
  "display": {
    "icon": {
      "item": "minecraft:oak_boat"
    },
    "title": [
	  {"text":"航海の時間","italic":false,"color":"yellow","bold":"true"}
	],
    "description": "Oceanとつくバイオームを全て発見する",
    "frame": "challenge",
    "show_toast": true,
    "announce_to_chat": true,
    "hidden": false
  },
  "parent": "napfour_adv:aqua/diver",
  "criteria": {
    "ocean": {
      "trigger": "minecraft:location",
      "conditions": {
        "location": {
          "biome": "minecraft:ocean"
        }
      }
    },
    "cold": {
      "trigger": "minecraft:location",
      "conditions": {
        "location": {
          "biome": "minecraft:cold_ocean"
        }
      }
    },
    "deepcold": {
      "trigger": "minecraft:location",
      "conditions": {
        "location": {
          "biome": "minecraft:deep_cold_ocean"
        }
      }
    },
    "deepfrozen": {
      "trigger": "minecraft:location",
      "conditions": {
        "location": {
          "biome": "minecraft:deep_frozen_ocean"
        }
      }
    },
    "deeplukewarm": {
      "trigger": "minecraft:location",
      "conditions": {
        "location": {
          "biome": "minecraft:deep_lukewarm_ocean"
        }
      }
    },
    "frozen": {
      "trigger": "minecraft:location",
      "conditions": {
        "location": {
          "biome": "minecraft:frozen_ocean"
        }
      }
    },
    "lukewarm": {
      "trigger": "minecraft:location",
      "conditions": {
        "location": {
          "biome": "minecraft:lukewarm_ocean"
        }
      }
    },
    "warm": {
      "trigger": "minecraft:location",
      "conditions": {
        "location": {
          "biome": "minecraft:warm_ocean"
        }
      }
    },
	"deep": {
      "trigger": "minecraft:location",
      "conditions": {
        "location": {
          "biome": "minecraft:deep_ocean"
        }
      }
    }
  },
  "rewards": {
    "function": "napfour_adv:reward/aqua/all_ocean_biome",
	"experience": 950
  }
}