{
  "display": {
    "icon": {
      "item": "minecraft:cod"
    },
    "title": "あたまがよくなる",
    "description": "魚を全種類倒す",
    "frame": "task",
    "show_toast": true,
    "announce_to_chat": true,
    "hidden": false
  },
  "parent": "minecraft:husbandry/fishy_business",
  "criteria": {
    "cod": {
      "trigger": "minecraft:player_killed_entity",
      "conditions": {
        "entity": {
          "type": "minecraft:cod"
        }
      }
    },
    "salmon": {
      "trigger": "minecraft:player_killed_entity",
      "conditions": {
        "entity": {
          "type": "minecraft:salmon"
        }
      }
    },
    "tropical": {
      "trigger": "minecraft:player_killed_entity",
      "conditions": {
        "entity": {
          "type": "minecraft:tropical_fish"
        }
      }
    },
    "puffer": {
      "trigger": "minecraft:player_killed_entity",
      "conditions": {
        "entity": {
          "type": "minecraft:pufferfish"
        }
      }
    }
  },
  "rewards": {
    "function": "napfour_adv:reward/aqua/all_fish"
  }
}
