{
  "display": {
    "icon": {
      "item": "minecraft:conduit"
    },
    "title": "海の力",
    "description": "コンジットを起動する",
    "frame": "task",
    "show_toast": true,
    "announce_to_chat": true,
    "hidden": false
  },
  "parent": "napfour_adv:aqua/heart_of_the_sea",
  "criteria": {
    "conduit": {
      "trigger": "minecraft:effects_changed",
      "conditions": {
        "effects": {
          "minecraft:conduit_power": {}
        }
      }
    }
  },
  "rewards": {
    "function": "napfour_adv:reward/aqua/conduit_power",
	"experience": 400
  }
}
