{
  "parent": "napfour_adv:aqua/diver",
  "display": {
    "icon": {
      "item": "minecraft:chest"
    },
    "title": {
      "text": "堕ちた船"
    },
    "description": {
      "text": "沈没船を見つける"
    },
    "frame": "task"
  },
  "criteria": {
    "ship": {
      "trigger": "minecraft:location",
	  "conditions": {
		"location": {
		    "feature": "shipwreck"
		}
	  }
    }
  },
  "rewards": {
    "function": "napfour_adv:reward/aqua/find_ship"
  }
}