{
  "parent": "napfour_adv:aqua/fishing_enchantment_book",
  "display": {
    "icon": {
      "item": "minecraft:ink_sac"
    },
    "title": {
      "translate": "実はレア"
    },
    "description": {
      "translate": "釣りでイカスミを釣り上げる"
    },
    "frame": "task",
    "show_toast": true,
    "announce_to_chat": true,
    "hidden": false
  },
  "criteria": {
    "ink_sac": {
      "trigger": "minecraft:fishing_rod_hooked",
      "conditions": {
        "item": {
          "items": [
            "minecraft:ink_sac"
          ]
        }
      }
    }
  },
  "rewards": {
    "function": "napfour_adv:reward/aqua/fishing_inc_sac"
  }
}