{
  "parent": "napfour_adv:aqua/diver",
  "display": {
    "icon": {
      "item": "minecraft:kelp",
	  "nbt": "{Enchantments:[{}]}"
    },
    "title": [
      {"text":"昆布職人","italic":false,"color":"yellow","bold":"true"}
    ],
    "description": {
      "text": "コンブを100回壊す"
    },
    "frame": "challenge"
  },
  "criteria": {
    "kelp": {
      "trigger": "minecraft:impossible"
    }
  },
  "rewards": {
    "function": "napfour_adv:reward/aqua/mined_kelp",
	"experience": 500
  }
}