{
  "parent": "napfour_adv:aqua/root",
  "display": {
    "icon": {
      "item": "minecraft:soul_sand"
    },
    "title": {
      "text": "上に参ります"
    },
    "description": {
      "translate": "水底にソウルサンドを設置し、発生した水流に乗る"
    },
    "frame": "task"
  },
  "criteria": {
    "a": {
      "trigger": "minecraft:enter_block",
      "conditions": {
        "block": "minecraft:bubble_column",
        "state": {
          "drag": "false"
        }
      }
    }
  },
  "rewards": {
    "function": "napfour_adv:reward/aqua/soul_sand"
  }
}