{
  "display": {
    "icon": {
      "item": "minecraft:potion",
      "nbt": "{Potion:\"minecraft:water_breathing\"}"
    },
    "title": "水中の戦闘準備！",
    "description": "水中呼吸のポーションを作る",
    "frame": "task",
    "show_toast": true,
    "announce_to_chat": true,
    "hidden": false
  },
  "parent": "napfour_adv:aqua/diver",
  "criteria": {
    "potion": {
      "trigger": "minecraft:brewed_potion",
      "conditions": {
        "potion": "minecraft:water_breathing"
      }
    }
  },
  "rewards": {
    "function": "napfour_adv:reward/aqua/water_breathing_potion"
  }
}