{
  "display": {
    "icon": {
      "item": "minecraft:netherite_pickaxe"
    },
    "title": [
	  {"text":"無心","italic":false,"color":"red","bold":"true"}
	],
    "description": "ネザライトのツルハシを使い切る",
    "frame": "challenge",
    "show_toast": true,
    "announce_to_chat": true,
    "hidden": false
  },
  "parent": "napfour_adv:under/root",
  "criteria": {
    "bbbb": {
      "trigger": "minecraft:item_durability_changed",
      "conditions": {
        "durability": {
          "max": 0
        },
        "item": {
          "items": [
            "minecraft:netherite_pickaxe"
          ]
        }
      }
    }
  },
  "rewards": {
    "experience": 300
  }
}