{
  "display": {
    "icon": {
      "item": "minecraft:enchanted_book"
    },
    "title": "これはゴミ？",
    "description": "司書とエンチャントの本を取引する",
    "frame": "task",
    "show_toast": true,
    "announce_to_chat": true,
    "hidden": false
  },
  "parent": "minecraft:adventure/trade",
  "criteria": {
    "enchanted_book": {
      "trigger": "minecraft:villager_trade",
      "conditions": {
        "item": {
          "items": [
            "minecraft:enchanted_book"
          ]
        }
      }
    }
  }
}