{
  "display": {
    "icon": {
      "item": "minecraft:enchanted_golden_apple"
    },
    "title": "例のリンゴ",
    "description": "エンチャントされた金のリンゴを探し出す",
    "frame": "task",
    "show_toast": true,
    "announce_to_chat": true,
    "hidden": false
  },
  "parent": "napfour_adv:adventure/find_pyramid",
  "criteria": {
    "a": {
      "trigger": "minecraft:inventory_changed",
      "conditions": {
        "items": [
          {
            "items": [
              "minecraft:enchanted_golden_apple"
            ]
          }
        ]
      }
    }
  }
}