{
  "parent": "napfour_adv:magic/splash_potion",
  "display": {
    "icon": {
      "item": "minecraft:golden_apple"
    },
    "title": {
      "translate": "お薬出しときますね"
    },
    "description": {
      "translate": "advancements.story.cure_zombie_villager.description"
    },
    "frame": "goal",
    "show_toast": true,
    "announce_to_chat": true,
    "hidden": false
  },
  "criteria": {
    "cured_zombie": {
      "trigger": "minecraft:cured_zombie_villager",
      "conditions": {}
    }
  },
  "requirements": [
    [
      "cured_zombie"
    ]
  ]
}