{
  "parent": "minecraft:husbandry/plant_seed",
  "display": {
    "icon": {
      "item": "minecraft:netherite_hoe",
      "nbt": "{Damage:0}"
    },
    "title": [
      {"text":"真面目な献身","italic":false,"color":"yellow","bold":"true"}
    ],
    "description": {
      "translate": "advancements.husbandry.netherite_hoe.description"
    },
    "frame": "challenge",
    "show_toast": true,
    "announce_to_chat": true,
    "hidden": false
  },
  "rewards": {
    "experience": 100
  },
  "criteria": {
    "netherite_hoe": {
      "trigger": "minecraft:inventory_changed",
      "conditions": {
        "items": [
          {
            "items": [
              "minecraft:netherite_hoe"
            ]
          }
        ]
      }
    }
  },
  "requirements": [
    [
      "netherite_hoe"
    ]
  ]
}