{
  "display": {
    "icon": {
      "item": "minecraft:iron_door"
    },
    "title": "続・安心設計",
    "description": "全種類のドアを作る。多い方がより安心でしょう？",
    "frame": "task",
    "show_toast": true,
    "announce_to_chat": true,
    "hidden": false
  },
  "parent": "napfour_adv:building/door",
  "criteria": {
    "a": {
      "trigger": "minecraft:inventory_changed",
      "conditions": {
        "items": [
          {
            "items": [
              "minecraft:oak_door"
            ]
          }
        ]
      }
    },
    "i": {
      "trigger": "minecraft:inventory_changed",
      "conditions": {
        "items": [
          {
            "items": [
              "minecraft:acacia_door"
            ]
          }
        ]
      }
    },
    "u": {
      "trigger": "minecraft:inventory_changed",
      "conditions": {
        "items": [
          {
            "items": [
              "minecraft:birch_door"
            ]
          }
        ]
      }
    },
    "e": {
      "trigger": "minecraft:inventory_changed",
      "conditions": {
        "items": [
          {
            "items": [
              "minecraft:crimson_door"
            ]
          }
        ]
      }
    },
    "o": {
      "trigger": "minecraft:inventory_changed",
      "conditions": {
        "items": [
          {
            "items": [
              "minecraft:dark_oak_door"
            ]
          }
        ]
      }
    },
    "ka": {
      "trigger": "minecraft:inventory_changed",
      "conditions": {
        "items": [
          {
            "items": [
              "minecraft:jungle_door"
            ]
          }
        ]
      }
    },
    "ki": {
      "trigger": "minecraft:inventory_changed",
      "conditions": {
        "items": [
          {
            "items": [
              "minecraft:iron_door"
            ]
          }
        ]
      }
    },
    "ku": {
      "trigger": "minecraft:inventory_changed",
      "conditions": {
        "items": [
          {
            "items": [
              "minecraft:spruce_door"
            ]
          }
        ]
      }
    },
    "ke": {
      "trigger": "minecraft:inventory_changed",
      "conditions": {
        "items": [
          {
            "items": [
              "minecraft:warped_door"
            ]
          }
        ]
      }
    }
  }
}