{
  "display": {
    "icon": {
      "item": "minecraft:purple_bed"
    },
    "title": [
	  {"text":"レインボー！","italic":false,"color":"yellow","bold":"false"}
	],
    "description": "全ての色のベッドを作る",
    "frame": "challenge",
    "show_toast": true,
    "announce_to_chat": true,
    "hidden": false
  },
  "parent": "minecraft:adventure/sleep_in_bed",
  "criteria": {
    "a": {
      "trigger": "minecraft:inventory_changed",
      "conditions": {
        "items": [
          {
            "items": [
              "minecraft:white_bed"
            ]
          }
        ]
      }
    },
    "i": {
      "trigger": "minecraft:inventory_changed",
      "conditions": {
        "items": [
          {
            "items": [
              "minecraft:purple_bed"
            ]
          }
        ]
      }
    },
    "u": {
      "trigger": "minecraft:inventory_changed",
      "conditions": {
        "items": [
          {
            "items": [
              "minecraft:red_bed"
            ]
          }
        ]
      }
    },
    "e": {
      "trigger": "minecraft:inventory_changed",
      "conditions": {
        "items": [
          {
            "items": [
              "minecraft:blue_bed"
            ]
          }
        ]
      }
    },
    "o": {
      "trigger": "minecraft:inventory_changed",
      "conditions": {
        "items": [
          {
            "items": [
              "minecraft:light_blue_bed"
            ]
          }
        ]
      }
    },
    "ka": {
      "trigger": "minecraft:inventory_changed",
      "conditions": {
        "items": [
          {
            "items": [
              "minecraft:gray_bed"
            ]
          }
        ]
      }
    },
    "ki": {
      "trigger": "minecraft:inventory_changed",
      "conditions": {
        "items": [
          {
            "items": [
              "minecraft:light_gray_bed"
            ]
          }
        ]
      }
    },
    "ku": {
      "trigger": "minecraft:inventory_changed",
      "conditions": {
        "items": [
          {
            "items": [
              "minecraft:green_bed"
            ]
          }
        ]
      }
    },
    "ke": {
      "trigger": "minecraft:inventory_changed",
      "conditions": {
        "items": [
          {
            "items": [
              "minecraft:lime_bed"
            ]
          }
        ]
      }
    },
	"ko": {
      "trigger": "minecraft:inventory_changed",
      "conditions": {
        "items": [
          {
            "items": [
              "minecraft:orange_bed"
            ]
          }
        ]
      }
    },
	"sa": {
      "trigger": "minecraft:inventory_changed",
      "conditions": {
        "items": [
          {
            "items": [
              "minecraft:magenta_bed"
            ]
          }
        ]
      }
    },
	"si": {
      "trigger": "minecraft:inventory_changed",
      "conditions": {
        "items": [
          {
            "items": [
              "minecraft:yellow_bed"
            ]
          }
        ]
      }
    },
	"su": {
      "trigger": "minecraft:inventory_changed",
      "conditions": {
        "items": [
          {
            "items": [
              "minecraft:pink_bed"
            ]
          }
        ]
      }
    },
	"se": {
      "trigger": "minecraft:inventory_changed",
      "conditions": {
        "items": [
          {
            "items": [
              "minecraft:cyan_bed"
            ]
          }
        ]
      }
    },
	"so": {
      "trigger": "minecraft:inventory_changed",
      "conditions": {
        "items": [
          {
            "items": [
              "minecraft:brown_bed"
            ]
          }
        ]
      }
    },
	"ta": {
      "trigger": "minecraft:inventory_changed",
      "conditions": {
        "items": [
          {
            "items": [
              "minecraft:black_bed"
            ]
          }
        ]
      }
    }
  }
}