{
  "display": {
    "icon": {
      "item": "minecraft:carved_pumpkin"
    },
    "title": "お手伝いさん？",
    "description": "スノウゴーレムを召喚する",
    "frame": "task",
    "show_toast": true,
    "announce_to_chat": true,
    "hidden": false
  },
  "parent": "napfour_adv:building/root",
  "criteria": {
    "snowman": {
      "trigger": "minecraft:summoned_entity",
      "conditions": {
        "entity": {
          "type": "minecraft:snow_golem"
        }
      }
    }
  }
}