{
  "parent": "napfour_adv:building/root",
  "display": {
    "icon": {
      "item": "minecraft:tinted_glass"
    },
    "title": {
      "translate": "眩しいぜ"
    },
    "description": {
      "translate": "遮光ガラスを作る"
    },
    "frame": "task",
    "show_toast": true,
    "announce_to_chat": true,
    "hidden": false
  },
  "criteria": {
    "a": {
      "trigger": "minecraft:inventory_changed",
      "conditions": {
        "items": [
          {
            "items": [
              "minecraft:tinted_glass"
            ]
          }
        ]
      }
    }
  }
}