{
  "display": {
    "icon": {
      "item": "minecraft:diamond_pickaxe",
      "nbt": "{Enchantments:[{}]}"
    },
    "title": "優しく触れていいですか",
    "description": "シルクタッチをエンチャントする",
    "show_toast": true,
    "announce_to_chat": true,
    "hidden": false
  },
  "parent": "minecraft:story/enchant_item",
  "criteria": {
    "a": {
      "trigger": "minecraft:enchanted_item",
      "conditions": {
        "item": {
          "enchantments": [
            {
              "enchantment": "minecraft:silk_touch"
            }
          ]
        }
      }
    }
  }
}