{
  "display": {
    "icon": {
      "item": "minecraft:splash_potion"
    },
    "title": "火薬の力",
    "description": "スプラッシュポーションを醸造する",
    "frame": "task",
    "show_toast": true,
    "announce_to_chat": true,
    "hidden": false
  },
  "parent": "minecraft:nether/brew_potion",
  "criteria": {
    "splalala": {
      "trigger": "minecraft:inventory_changed",
      "conditions": {
        "items": [
          {
            "items": [
              "minecraft:splash_potion"
            ]
          }
        ]
      }
    }
  }
}