{
  "parent": "napfour_adv:adventure/find_mansion",
  "display": {
    "icon": {
      "item": "minecraft:totem_of_undying"
    },
    "title": [
      {"text":"不死の者","italic":false,"color":"yellow","bold":"true"}
    ],
    "description": {
      "translate": "advancements.adventure.totem_of_undying.description"
    },
    "frame": "goal",
    "show_toast": true,
    "announce_to_chat": true,
    "hidden": false
  },
  "criteria": {
    "used_totem": {
      "trigger": "minecraft:used_totem",
      "conditions": {
        "item": {
          "items": [
            "minecraft:totem_of_undying"
          ]
        }
      }
    }
  },
  "requirements": [
    [
      "used_totem"
    ]
  ]
}