{
  "parent": "minecraft:end/kill_dragon",
  "display": {
    "icon": {
      "item": "minecraft:dragon_egg"
    },
    "title": [
      {"text":"ザ・ネクストジェネレーション","italic":false,"color":"yellow","bold":"false"}
    ],
    "description": {
      "translate": "advancements.end.dragon_egg.description"
    },
    "frame": "goal",
    "show_toast": true,
    "announce_to_chat": true,
    "hidden": false
  },
  "criteria": {
    "dragon_egg": {
      "trigger": "minecraft:inventory_changed",
      "conditions": {
        "items": [
          {
            "items": [
              "minecraft:dragon_egg"
            ]
          }
        ]
      }
    }
  },
  "requirements": [
    [
      "dragon_egg"
    ]
  ]
}