{
  "display": {
    "icon": {
      "item": "minecraft:hay_block"
    },
    "title": {
      "translate": "advancements.husbandry.root.title"
    },
    "description": {
      "translate": "advancements.husbandry.root.description"
    },
    "frame": "task",
    "show_toast": false,
    "announce_to_chat": false,
    "hidden": false,
    "background": "minecraft:textures/gui/advancements/backgrounds/husbandry.png"
  },
  "criteria": {
    "consumed_item": {
      "trigger": "minecraft:consume_item",
      "conditions": {}
    }
  },
  "rewards": {
	"function": "napfour_adv:reward/husbandry/root"
  },
  "requirements": [
    [
      "consumed_item"
    ]
  ]
}