{
  "parent": "minecraft:husbandry/root",
  "display": {
    "icon": {
      "item": "minecraft:lead"
    },
    "title": {
      "translate": "advancements.husbandry.tame_an_animal.title"
    },
    "description": {
      "translate": "advancements.husbandry.tame_an_animal.description"
    },
    "frame": "task",
    "show_toast": true,
    "announce_to_chat": true,
    "hidden": false
  },
  "criteria": {
    "tamed_animal": {
      "trigger": "minecraft:tame_animal",
      "conditions": {}
    }
  },
  "rewards": {
    "function": "napfour_adv:reward/husbandry/tame_an_animal"
  },
  "requirements": [
    [
      "tamed_animal"
    ]
  ]
}