{
  "display": {
    "icon": {
      "item": "minecraft:chest",
      "nbt": "{Enchantments:[{}]}"
    },
    "title": "果ての苦労",
    "description": "エンドシティにあるチェストを探る",
    "frame": "task",
    "show_toast": true,
    "announce_to_chat": true,
    "hidden": false
  },
  "parent": "minecraft:end/find_end_city",
  "criteria": {
    "a": {
      "trigger": "minecraft:player_generates_container_loot",
      "conditions": {
        "loot_table": "minecraft:chests/end_city_treasure"
      }
    }
  }
}