{
  "display": {
    "icon": {
      "item": "minecraft:sandstone"
    },
    "title": "中に何かあるかもしれない",
    "description": "砂漠のピラミッドを見つける",
    "frame": "task",
    "show_toast": true,
    "announce_to_chat": true,
    "hidden": false
  },
  "parent": "minecraft:adventure/root",
  "criteria": {
    "location": {
      "trigger": "minecraft:location",
      "conditions": {
        "location": {
          "feature": "desert_pyramid"
        }
      }
    }
  }
}