{
  "display": {
    "icon": {
      "item": "minecraft:hay_block"
    },
    "title": "食料泥棒だ！",
    "description": "村にある俵ブロックを勝手に取る",
    "frame": "task",
    "show_toast": true,
    "announce_to_chat": true,
    "hidden": false
  },
  "parent": "minecraft:adventure/trade",
  "criteria": {
    "hayhey": {
      "trigger": "minecraft:inventory_changed",
      "conditions": {
        "player": {
          "location": {
            "feature": "village"
          }
        },
        "items": [
          {
            "items": [
              "minecraft:hay_block"
            ]
          }
        ]
      }
    }
  }
}