{
  "display": {
    "icon": {
      "item": "minecraft:diamond_chestplate",
      "nbt": "{Damage:0}"
    },
    "title": [
	  {"text":"最高級の輝きに包まれて","italic":false,"color":"yellow","bold":"false"}
	],
    "description": "全身をダイヤモンドの装備で覆う",
    "frame": "challenge",
    "show_toast": true,
    "announce_to_chat": true,
    "hidden": false
  },
  "parent": "napfour_adv:monster/iron_man",
  "criteria": {
    "gg": {
      "trigger": "minecraft:tick",
      "conditions": {
        "player": {
          "equipment": {
            "head": {
              "items": [
                "minecraft:diamond_helmet"
              ]
            },
            "chest": {
              "items": [
                "minecraft:diamond_chestplate"
              ]
            },
            "legs": {
              "items": [
                "minecraft:diamond_leggings"
              ]
            },
            "feet": {
              "items": [
                "minecraft:diamond_boots"
              ]
            }
          }
        }
      }
    }
  },
  "rewards": {
    "experience": 100
  }
}