{
  "parent": "minecraft:adventure/ol_betsy",
  "display": {
    "icon": {
      "item": "minecraft:phantom_membrane",
      "nbt": "{Enchantments:[{}]}"
    },
    "title": [
      {"text":"一石二鳥","italic":false,"color":"yellow","bold":"true"}
    ],
    "description": {
      "translate": "advancements.adventure.two_birds_one_arrow.description"
    },
    "frame": "challenge",
    "show_toast": true,
    "announce_to_chat": true,
    "hidden": false
  },
  "rewards": {
    "experience": 65
  },
  "criteria": {
    "two_birds": {
      "trigger": "minecraft:killed_by_crossbow",
      "conditions": {
        "victims": [
          [
            {
              "condition": "minecraft:entity_properties",
              "predicate": {
                "type": "minecraft:phantom"
              },
              "entity": "this"
            }
          ],
          [
            {
              "condition": "minecraft:entity_properties",
              "predicate": {
                "type": "minecraft:phantom"
              },
              "entity": "this"
            }
          ]
        ]
      }
    }
  },
  "requirements": [
    [
      "two_birds"
    ]
  ]
}