{
  "parent": "minecraft:husbandry/obtain_netherite_hoe",
  "display": {
    "icon": {
      "item": "minecraft:netherite_hoe",
      "nbt": "{Damage:0,Enchantments:[{}]}"
    },
    "title": [
      {"text":"修行の時間","italic":false,"color":"red","bold":"true"}
    ],
    "description": {
      "text": "ネザライトのクワを使い切り、悟りを開く"
    },
    "frame": "challenge",
    "show_toast": true,
    "announce_to_chat": true,
    "hidden": false
  },
  "rewards": {
	"function": "napfour_adv:reward/husbandry/break_netherite_hoe",
    "experience": 500
  },
  "criteria": {
    "broke_hoe": {
      "trigger": "minecraft:item_durability_changed",
      "conditions": {
        "item": {
          "item": "minecraft:netherite_hoe"
        },
        "durability": 0
      }
    }
  },
  "requirements": [
    [
      "broke_hoe"
    ]
  ]
}