{
  "parent": "minecraft:husbandry/wax_on",
  "display": {
    "icon": {
      "item": "minecraft:stone_axe",
      "nbt": "{Damage:0}"
    },
    "title": {
      "translate": "advancements.husbandry.wax_off.title"
    },
    "description": {
      "translate": "advancements.husbandry.wax_off.description"
    },
    "frame": "task",
    "show_toast": true,
    "announce_to_chat": true,
    "hidden": false
  },
  "criteria": {
    "wax_off": {
      "trigger": "minecraft:item_used_on_block",
      "conditions": {
        "location": {
          "block": {
            "blocks": [
              "minecraft:waxed_copper_block",
              "minecraft:waxed_exposed_copper",
              "minecraft:waxed_weathered_copper",
              "minecraft:waxed_oxidized_copper",
              "minecraft:waxed_cut_copper",
              "minecraft:waxed_exposed_cut_copper",
              "minecraft:waxed_weathered_cut_copper",
              "minecraft:waxed_oxidized_cut_copper",
              "minecraft:waxed_cut_copper_slab",
              "minecraft:waxed_exposed_cut_copper_slab",
              "minecraft:waxed_weathered_cut_copper_slab",
              "minecraft:waxed_oxidized_cut_copper_slab",
              "minecraft:waxed_cut_copper_stairs",
              "minecraft:waxed_exposed_cut_copper_stairs",
              "minecraft:waxed_weathered_cut_copper_stairs",
              "minecraft:waxed_oxidized_cut_copper_stairs"
            ]
          }
        },
        "item": {
          "items": [
            "minecraft:wooden_axe",
            "minecraft:golden_axe",
            "minecraft:stone_axe",
            "minecraft:iron_axe",
            "minecraft:diamond_axe",
            "minecraft:netherite_axe"
          ]
        }
      }
    }
  },
  "rewards": {
	"function": "napfour_adv:reward/husbandry/wax_off"
  },
  "requirements": [
    [
      "wax_off"
    ]
  ]
}