{
  "parent": "minecraft:end/find_end_city",
  "display": {
    "icon": {
      "item": "minecraft:elytra",
      "nbt": "{Damage:0}"
    },
    "title": [
      {"text":"限界突破","italic":false,"color":"yellow","bold":"false"}
    ],
    "description": {
      "translate": "advancements.end.elytra.description"
    },
    "frame": "goal",
    "show_toast": true,
    "announce_to_chat": true,
    "hidden": false
  },
  "criteria": {
    "elytra": {
      "trigger": "minecraft:inventory_changed",
      "conditions": {
        "items": [
          {
            "items": [
              "minecraft:elytra"
            ]
          }
        ]
      }
    }
  },
  "requirements": [
    [
      "elytra"
    ]
  ]
}