{
  "display": {
    "icon": {
      "item": "minecraft:filled_map"
    },
    "title": "少年少女達よ、行け！",
    "description": "宝の地図を見つける",
    "frame": "task",
    "show_toast": true,
    "announce_to_chat": true,
    "hidden": false
  },
  "parent": "napfour_adv:aqua/find_ship",
  "criteria": {
    "map": {
      "trigger": "minecraft:inventory_changed",
      "conditions": {
        "items": [
          {
            "items": [
              "minecraft:filled_map"
            ],
            "nbt": "{display:{Name:'{\"translate\":\"filled_map.buried_treasure\"}'}}"
          }
        ]
      }
    }
  },
  "rewards": {
    "function": "napfour_adv:reward/aqua/find_treasure_map"
  }
}