{
  "display": {
    "icon": {
      "item": "minecraft:sandstone"
    },
    "title": "ここにも宝の地図が",
    "description": "Ocean Ruinを見つける",
    "frame": "task",
    "show_toast": true,
    "announce_to_chat": true,
    "hidden": false
  },
  "parent": "napfour_adv:aqua/find_ship",
  "criteria": {
    "oceanruin": {
      "trigger": "minecraft:location",
      "conditions": {
        "location": {
          "feature": "ocean_ruin"
        }
      }
    }
  },
  "rewards": {
    "function": "napfour_adv:reward/aqua/find_ocean_ruin"
  }
}