{
  "display": {
    "icon": {
      "item": "minecraft:heart_of_the_sea"
    },
    "title": [
	  {"text":"地図の先には","italic":false,"color":"yellow","bold":"false"}
	],
    "description": "海洋の心を手に入れる",
    "frame": "goal",
    "show_toast": true,
    "announce_to_chat": true,
    "hidden": false
  },
  "parent": "napfour_adv:aqua/find_treasure_map",
  "criteria": {
    "heart_of_the_sea": {
      "trigger": "minecraft:inventory_changed",
      "conditions": {
        "items": [
          {
            "items": [
              "minecraft:heart_of_the_sea"
            ]
          }
        ]
      }
    }
  },
  "rewards": {
    "function": "napfour_adv:reward/aqua/heart_of_the_sea"
  }
}
