{
  "display": {
    "icon": {
      "item": "minecraft:crying_obsidian"
    },
    "title": "海にできたか…",
    "description": "水の中にに生成されたポータルの残骸を発見する",
    "frame": "task",
    "show_toast": true,
    "announce_to_chat": true,
    "hidden": false
  },
  "parent": "napfour_adv:aqua/swim",
  "criteria": {
    "sea_portal": {
      "trigger": "minecraft:location",
      "conditions": {
		"player": {
          "team": "np4_inwater"
        },
        "location": {
          "feature": "ruined_portal"
        }
      }
    }
  },
  "rewards": {
    "function": "napfour_adv:reward/aqua/ocean_ruined_portal"
  }
}
