{
  "display": {
    "icon": {
      "item": "minecraft:water_bucket"
    },
    "title": {
      "text": "水中"
    },
    "description": {
      "text": "海、湖、または川？"
    },
    "frame": "task",
    "show_toast": false,
    "announce_to_chat": false,
    "background": "minecraft:textures/block/wet_sponge.png"
  },
  "criteria": {
    "rootaqua": {
      "trigger": "minecraft:enter_block",
      "conditions": {
        "block": "minecraft:water"
      }
    }
  },
  "rewards": {
    "function": "napfour_adv:reward/aqua/root"
  }
}