{
  "display": {
    "icon": {
      "item": "minecraft:diamond"
    },
    "title": [
	  {"text":"鉱石コレクション","italic":false,"color":"yellow","bold":"true"}
	],
    "description": "全ての鉱石、原石を手に入れる",
    "frame": "challenge",
    "show_toast": true,
    "announce_to_chat": true,
    "hidden": false
  },
  "parent": "napfour_adv:under/emerald",
  "criteria": {
    "iron": {
      "trigger": "minecraft:inventory_changed",
      "conditions": {
        "items": [
          {
            "items": [
              "minecraft:raw_iron"
            ]
          }
        ]
      }
    },
    "coal": {
      "trigger": "minecraft:inventory_changed",
      "conditions": {
        "items": [
          {
            "items": [
              "minecraft:coal"
            ]
          }
        ]
      }
    },
    "diamond": {
      "trigger": "minecraft:inventory_changed",
      "conditions": {
        "items": [
          {
            "items": [
              "minecraft:diamond"
            ]
          }
        ]
      }
    },
    "emerald": {
      "trigger": "minecraft:inventory_changed",
      "conditions": {
        "items": [
          {
            "items": [
              "minecraft:emerald"
            ]
          }
        ]
      }
    },
    "lapis": {
      "trigger": "minecraft:inventory_changed",
      "conditions": {
        "items": [
          {
            "items": [
              "minecraft:lapis_lazuli"
            ]
          }
        ]
      }
    },
    "copper": {
      "trigger": "minecraft:inventory_changed",
      "conditions": {
        "items": [
          {
            "items": [
              "minecraft:raw_copper"
            ]
          }
        ]
      }
    },
    "gold": {
      "trigger": "minecraft:inventory_changed",
      "conditions": {
        "items": [
          {
            "items": [
              "minecraft:raw_gold"
            ]
          }
        ]
      }
    },
    "ancient_debri": {
      "trigger": "minecraft:inventory_changed",
      "conditions": {
        "items": [
          {
            "items": [
              "minecraft:ancient_debris"
            ]
          }
        ]
      }
    },
    "redstone": {
      "trigger": "minecraft:inventory_changed",
      "conditions": {
        "items": [
          {
            "items": [
              "minecraft:redstone"
            ]
          }
        ]
      }
    },
	"quartz": {
      "trigger": "minecraft:inventory_changed",
      "conditions": {
        "items": [
          {
            "items": [
              "minecraft:quartz"
            ]
          }
        ]
      }
    }
  }
}