{
  "display": {
    "icon": {
      "item": "minecraft:ender_pearl"
    },
    "title": "目と目が合う",
    "description": "エンダーマンと運命を感じる",
    "frame": "task",
    "show_toast": true,
    "announce_to_chat": true,
    "hidden": false
  },
  "parent": "minecraft:end/root",
  "criteria": {
    "a": {
      "trigger": "minecraft:tick",
      "conditions": {
        "player": {
          "type": "minecraft:player",
          "player": {
            "looking_at": {
              "type": "minecraft:enderman"
            }
          }
        }
      }
    }
  }
}