{
  "parent": "minecraft:end/find_end_city",
  "display": {
    "icon": {
      "item": "minecraft:shulker_box"
    },
    "title": {
      "translate": "持ち運びに便利"
    },
    "description": {
      "translate": "シュルカーから殻を剥ぎ取り、シュルカーボックスを作る"
    },
    "frame": "task",
    "show_toast": true,
    "announce_to_chat": true,
    "hidden": false
  },
  "criteria": {
    "wither_skull": {
      "trigger": "minecraft:inventory_changed",
      "conditions": {
        "items": [
          {
            "items": [
              "minecraft:shulker_box"
            ]
          }
        ]
      }
    }
  },
  "requirements": [
    [
      "wither_skull"
    ]
  ]
}