{
  "display": {
    "icon": {
      "item": "minecraft:cauldron"
    },
    "title": "でっかい容器！",
    "description": "大釜を作る",
    "frame": "task",
    "show_toast": true,
    "announce_to_chat": true,
    "hidden": false
  },
  "parent": "napfour_adv:magic/root",
  "criteria": {
    "b": {
      "trigger": "minecraft:inventory_changed",
      "conditions": {
        "items": [
          {
            "items": [
              "minecraft:cauldron"
            ]
          }
        ]
      }
    }
  }
}