{
  "parent": "napfour_adv:building/chest",
  "display": {
    "icon": {
      "item": "minecraft:ender_chest"
    },
    "title": {
      "translate": "リモートチェスト"
    },
    "description": {
      "translate": "エンダーチェストを入手する。※これは二つ手に入れないと意味がありません"
    },
    "frame": "task",
    "show_toast": true,
    "announce_to_chat": true,
    "hidden": false
  },
  "criteria": {
    "wither_skull": {
      "trigger": "minecraft:inventory_changed",
      "conditions": {
        "items": [
          {
            "items": [
              "minecraft:ender_chest"
            ]
          }
        ]
      }
    }
  },
  "requirements": [
    [
      "wither_skull"
    ]
  ]
}