{
  "display": {
    "icon": {
      "item": "minecraft:music_disc_cat"
    },
    "title": [
	  {"text":"伝説の音楽","italic":false,"color":"yellow","bold":"true"}
	],
    "description": "音楽ディスクを全種類集める",
    "frame": "challenge",
    "show_toast": true,
    "announce_to_chat": true,
    "hidden": false
  },
  "parent": "minecraft:adventure/play_jukebox_in_meadows",
  "criteria": {
    "a": {
      "trigger": "minecraft:inventory_changed",
      "conditions": {
        "items": [
          {
            "items": [
              "minecraft:music_disc_11"
            ]
          }
        ]
      }
    },
    "aa": {
      "trigger": "minecraft:inventory_changed",
      "conditions": {
        "items": [
          {
            "items": [
              "minecraft:music_disc_13"
            ]
          }
        ]
      }
    },
    "aaa": {
      "trigger": "minecraft:inventory_changed",
      "conditions": {
        "items": [
          {
            "items": [
              "minecraft:music_disc_blocks"
            ]
          }
        ]
      }
    },
    "aaaa": {
      "trigger": "minecraft:inventory_changed",
      "conditions": {
        "items": [
          {
            "items": [
              "minecraft:music_disc_cat"
            ]
          }
        ]
      }
    },
    "aaaaa": {
      "trigger": "minecraft:inventory_changed",
      "conditions": {
        "items": [
          {
            "items": [
              "minecraft:music_disc_chirp"
            ]
          }
        ]
      }
    },
    "aaaaaa": {
      "trigger": "minecraft:inventory_changed",
      "conditions": {
        "items": [
          {
            "items": [
              "minecraft:music_disc_far"
            ]
          }
        ]
      }
    },
    "aaaaaaa": {
      "trigger": "minecraft:inventory_changed",
      "conditions": {
        "items": [
          {
            "items": [
              "minecraft:music_disc_mall"
            ]
          }
        ]
      }
    },
    "aaaaaaaa": {
      "trigger": "minecraft:inventory_changed",
      "conditions": {
        "items": [
          {
            "items": [
              "minecraft:music_disc_mellohi"
            ]
          }
        ]
      }
    },
    "b": {
      "trigger": "minecraft:inventory_changed",
      "conditions": {}
    },
    "bb": {
      "trigger": "minecraft:inventory_changed",
      "conditions": {
        "items": [
          {
            "items": [
              "minecraft:music_disc_pigstep"
            ]
          }
        ]
      }
    },
    "bbb": {
      "trigger": "minecraft:inventory_changed",
      "conditions": {
        "items": [
          {
            "items": [
              "minecraft:music_disc_stal"
            ]
          }
        ]
      }
    },
    "bbbb": {
      "trigger": "minecraft:inventory_changed",
      "conditions": {
        "items": [
          {
            "items": [
              "minecraft:music_disc_strad"
            ]
          }
        ]
      }
    },
    "bbbbb": {
      "trigger": "minecraft:inventory_changed",
      "conditions": {
        "items": [
          {
            "items": [
              "minecraft:music_disc_wait"
            ]
          }
        ]
      }
    },
    "bbbbbb": {
      "trigger": "minecraft:inventory_changed",
      "conditions": {
        "items": [
          {
            "items": [
              "minecraft:music_disc_ward"
            ]
          }
        ]
      }
    },
    "ot": {
      "trigger": "minecraft:inventory_changed",
      "conditions": {
        "items": [
          {
            "items": [
              "minecraft:music_disc_otherside"
            ]
          }
        ]
      }
    }
  },
  "rewards": {
    "experience": 100
  }
}
