{
  "parent": "napfour_adv:building/chest",
  "display": {
    "icon": {
      "item": "minecraft:barrel"
    },
    "title": {
      "translate": "画期的な収納！"
    },
    "description": {
      "translate": "樽を入手する。これで天井にも物を収納することができます"
    },
    "frame": "task",
    "show_toast": true,
    "announce_to_chat": true,
    "hidden": false
  },
  "criteria": {
    "wither_skull": {
      "trigger": "minecraft:inventory_changed",
      "conditions": {
        "items": [
          {
            "items": [
              "minecraft:barrel"
            ]
          }
        ]
      }
    }
  },
  "requirements": [
    [
      "wither_skull"
    ]
  ]
}