{
  "display": {
    "icon": {
      "item": "minecraft:oak_planks"
    },
    "title": "第二の拠点となるだろう",
    "description": "村を発見する",
    "frame": "task",
    "show_toast": true,
    "announce_to_chat": true,
    "hidden": false
  },
  "parent": "napfour_adv:building/root",
  "criteria": {
    "a": {
      "trigger": "minecraft:tick",
      "conditions": {
        "player": {
          "location": {
            "feature": "village"
          }
        }
      }
    }
  }
}