{
  "display": {
    "icon": {
      "item": "minecraft:chest",
      "nbt": "{Enchantments:[{}]}"
    },
    "title": [
      {
        "text": "インベントリいっぱいの丸石",
        "color": "yellow",
        "bold": true,
        "italic": false
      }
    ],
    "description": "インベントリを丸石で埋める",
    "frame": "challenge",
    "show_toast": true,
    "announce_to_chat": true,
    "hidden": false
  },
  "parent": "napfour_adv:building/chest",
  "criteria": {
    "a": {
      "trigger": "minecraft:inventory_changed",
      "conditions": {
        "slots": {
          "full": {
            "min": 36,
            "max": 36
          }
        },
        "items": [
          {
            "items": [
              "minecraft:cobblestone"
            ]
          }
        ]
      }
    }
  },
  "rewards": {
    "experience": 200
  }
}