{
  "parent": "minecraft:nether/obtain_blaze_rod",
  "display": {
    "icon": {
      "item": "minecraft:ender_eye"
    },
    "title": {
      "translate": "advancements.story.follow_ender_eye.title"
    },
    "description": {
      "translate": "advancements.story.follow_ender_eye.description"
    },
    "frame": "task",
    "show_toast": true,
    "announce_to_chat": true,
    "hidden": false
  },
  "criteria": {
    "in_stronghold": {
      "trigger": "minecraft:location",
      "conditions": {
        "location": {
          "feature": "stronghold"
        }
      }
    }
  },
  "requirements": [
    [
      "in_stronghold"
    ]
  ]
}