{
  "parent": "minecraft:husbandry/root",
  "display": {
    "icon": {
      "item": "minecraft:honey_bottle"
    },
    "title": {
      "translate": "advancements.husbandry.safely_harvest_honey.title"
    },
    "description": {
      "translate": "advancements.husbandry.safely_harvest_honey.description"
    },
    "frame": "task",
    "show_toast": true,
    "announce_to_chat": true,
    "hidden": false
  },
  "criteria": {
    "safely_harvest_honey": {
      "trigger": "minecraft:item_used_on_block",
      "conditions": {
        "location": {
          "smokey": true,
          "block": {
            "tag": "minecraft:beehives"
          }
        },
        "item": {
          "items": [
            "minecraft:glass_bottle"
          ]
        }
      }
    }
  },
  "rewards": {
	"function": "napfour_adv:reward/husbandry/safely_harvest_honey"
  },
  "requirements": [
    [
      "safely_harvest_honey"
    ]
  ]
}