{
  "display": {
    "icon": {
      "item": "minecraft:tube_coral_block"
    },
    "title": [
	  {"text":"サンゴ”ブロック”コレクター","italic":false,"color":"yellow","bold":"true"}
	],
    "description": "サンゴブロックを全種類集める",
    "frame": "challenge",
    "show_toast": true,
    "announce_to_chat": true,
    "hidden": false
  },
  "parent": "napfour_adv:aqua/all_corals",
  "criteria": {
    "tube": {
      "trigger": "minecraft:inventory_changed",
      "conditions": {
        "items": [
          {
            "items": [
              "minecraft:tube_coral_block"
            ]
          }
        ]
      }
    },
    "tube_dead": {
      "trigger": "minecraft:inventory_changed",
      "conditions": {
        "items": [
          {
            "items": [
              "minecraft:dead_tube_coral_block"
            ]
          }
        ]
      }
    },
    "brain": {
      "trigger": "minecraft:inventory_changed",
      "conditions": {
        "items": [
          {
            "items": [
              "minecraft:brain_coral_block"
            ]
          }
        ]
      }
    },
    "brain_dead": {
      "trigger": "minecraft:inventory_changed",
      "conditions": {
        "items": [
          {
            "items": [
              "minecraft:dead_brain_coral_block"
            ]
          }
        ]
      }
    },
    "fire": {
      "trigger": "minecraft:inventory_changed",
      "conditions": {
        "items": [
          {
            "items": [
              "minecraft:fire_coral_block"
            ]
          }
        ]
      }
    },
    "fire_dead": {
      "trigger": "minecraft:inventory_changed",
      "conditions": {
        "items": [
          {
            "items": [
              "minecraft:dead_fire_coral_block"
            ]
          }
        ]
      }
    },
    "horn": {
      "trigger": "minecraft:inventory_changed",
      "conditions": {
        "items": [
          {
            "items": [
              "minecraft:horn_coral_block"
            ]
          }
        ]
      }
    },
    "horn_dead": {
      "trigger": "minecraft:inventory_changed",
      "conditions": {
        "items": [
          {
            "items": [
              "minecraft:dead_horn_coral_block"
            ]
          }
        ]
      }
    },
    "bubble": {
      "trigger": "minecraft:inventory_changed",
      "conditions": {
        "items": [
          {
            "items": [
              "minecraft:bubble_coral_block"
            ]
          }
        ]
      }
    },
    "bubble_dead": {
      "trigger": "minecraft:inventory_changed",
      "conditions": {
        "items": [
          {
            "items": [
              "minecraft:dead_bubble_coral_block"
            ]
          }
        ]
      }
    }
  },
  "rewards": {
    "function": "napfour_adv:reward/aqua/all_coral_blocks",
	"experience": 800
  }
}
