{
  "parent": "napfour_adv:aqua/all_ocean_biome",
  "display": {
    "icon": {
      "item": "minecraft:oak_boat"
    },
    "title": [
      {"text":"長き旅","italic":false,"color":"yellow","bold":"true"}
    ],
    "description": {
      "text": "ボートで移動した距離が1kmを超える"
    },
    "frame": "challenge"
  },
  "criteria": {
    "boat_one_cm_1km": {
      "trigger": "minecraft:impossible"
    }
  },
  "rewards": {
    "function": "napfour_adv:reward/aqua/boat_one_cm_1km",
	"experience": 750
  }
}