{
  "parent": "napfour_adv:aqua/root",
  "display": {
    "icon": {
      "item": "minecraft:diamond_boots",
      "nbt": "{Damage:0,Enchantments:[{}]}"
    },
    "title": [
      {"text":"少しも寒くないわ","italic":false,"color":"yellow","bold":"true"}
	],
    "description": {
      "text": "氷渡りのブーツを履き、水上を自由に移動する"
    },
    "frame": "challenge"
  },
  "criteria": {
    "not_cold": {
      "trigger": "minecraft:enter_block",
      "conditions": {
        "player": [
          {
            "condition": "minecraft:entity_properties",
            "entity": "this",
            "predicate": {
              "stepping_on": {
                "block": {
                  "blocks": [
                    "minecraft:frosted_ice"
                  ]
                }
              },
              "equipment": {
                "feet": {
                  "enchantments": [
                    {
                      "enchantment": "minecraft:frost_walker"
                    }
                  ]
                }
              }
            }
          }
        ]
      }
    }
  },
  "rewards": {
    "function": "napfour_adv:reward/aqua/not_cold",
	"experience": 700
  }
}