{
  "parent": "napfour_adv:aqua/killed_elder_guardian",
  "display": {
    "icon": {
      "item": "minecraft:sponge"
    },
    "title": {
      "text": "俺の前を通るな！"
    },
    "description": {
      "text": "スポンジを設置する"
    },
    "frame": "task"
  },
  "criteria": {
    "mose": {
      "trigger": "minecraft:placed_block",
	  "conditions": {
		"item": {
			"item": "minecraft:sponge"
		},
		"block": "minecraft:sponge"
	  }
    }
  },
  "rewards": {
    "function": "napfour_adv:reward/aqua/place_sponge"
  }
}