{
  "parent": "napfour_adv:monster/root",
  "display": {
    "icon": {
      "item": "minecraft:wooden_sword"
    },
    "title": {
      "translate": "いざ突撃！"
    },
    "description": {
      "translate": "剣を作り、使いこなす"
    },
    "frame": "task"
  },
  "criteria": {
    "sword": {
      "trigger": "minecraft:player_hurt_entity",
      "conditions": {
        "damage": {
          "source_entity": {
            "equipment": {
              "mainhand": {
                "tag": "napfour_adv:swords"
               }
             }
          }
        }
      }
    }
  }
}