{
  "display": {
    "icon": {
      "item": "minecraft:oak_log",
      "nbt": "{Enchantments:[{}]}"
    },
    "title": [
	  {"text":"様々な素材","italic":false,"color":"yellow","bold":"false"}
	],
    "description": "全ての種類の原木を入手する。",
    "frame": "challenge",
    "show_toast": true,
    "announce_to_chat": true,
    "hidden": false
  },
  "parent": "minecraft:adventure/root",
  "criteria": {
    "a": {
      "trigger": "minecraft:inventory_changed",
      "conditions": {
        "items": [
          {
            "items": [
              "minecraft:oak_log"
            ]
          }
        ]
      }
    },
    "aa": {
      "trigger": "minecraft:inventory_changed",
      "conditions": {
        "items": [
          {
            "items": [
              "minecraft:acacia_log"
            ]
          }
        ]
      }
    },
    "aaa": {
      "trigger": "minecraft:inventory_changed",
      "conditions": {
        "items": [
          {
            "items": [
              "minecraft:birch_log"
            ]
          }
        ]
      }
    },
    "aaaa": {
      "trigger": "minecraft:inventory_changed",
      "conditions": {
        "items": [
          {
            "items": [
              "minecraft:dark_oak_log"
            ]
          }
        ]
      }
    },
    "aaaaa": {
      "trigger": "minecraft:inventory_changed",
      "conditions": {
        "items": [
          {
            "items": [
              "minecraft:jungle_log"
            ]
          }
        ]
      }
    },
    "aaaaaa": {
      "trigger": "minecraft:inventory_changed",
      "conditions": {
        "items": [
          {
            "items": [
              "minecraft:spruce_log"
            ]
          }
        ]
      }
    },
    "aaaaaaa": {
      "trigger": "minecraft:inventory_changed",
      "conditions": {
        "items": [
          {
            "items": [
              "minecraft:stripped_acacia_log"
            ]
          }
        ]
      }
    },
    "aaaaaaaa": {
      "trigger": "minecraft:inventory_changed",
      "conditions": {
        "items": [
          {
            "items": [
              "minecraft:stripped_birch_log"
            ]
          }
        ]
      }
    },
    "aaaaaaaaa": {
      "trigger": "minecraft:inventory_changed",
      "conditions": {
        "items": [
          {
            "items": [
              "minecraft:stripped_dark_oak_log"
            ]
          }
        ]
      }
    },
    "aaaaaaaaaa": {
      "trigger": "minecraft:inventory_changed",
      "conditions": {
        "items": [
          {
            "items": [
              "minecraft:stripped_jungle_log"
            ]
          }
        ]
      }
    },
    "aaaaaaaaaaa": {
      "trigger": "minecraft:inventory_changed",
      "conditions": {
        "items": [
          {
            "items": [
              "minecraft:stripped_oak_log"
            ]
          }
        ]
      }
    },
    "aaaaaaaaaaaa": {
      "trigger": "minecraft:inventory_changed",
      "conditions": {
        "items": [
          {
            "items": [
              "minecraft:stripped_spruce_log"
            ]
          }
        ]
      }
    },
	"b": {
      "trigger": "minecraft:inventory_changed",
      "conditions": {
        "items": [
          {
            "items": [
              "minecraft:stripped_crimson_stem"
            ]
          }
        ]
      }
    },
	"bb": {
      "trigger": "minecraft:inventory_changed",
      "conditions": {
        "items": [
          {
            "items": [
              "minecraft:stripped_warped_stem"
            ]
          }
        ]
      }
    },
	"bbb": {
      "trigger": "minecraft:inventory_changed",
      "conditions": {
        "items": [
          {
            "items": [
              "minecraft:warped_stem"
            ]
          }
        ]
      }
    },
	"bbbb": {
      "trigger": "minecraft:inventory_changed",
      "conditions": {
        "items": [
          {
            "items": [
              "minecraft:crimson_stem"
            ]
          }
        ]
      }
    }
  },
  "rewards": {
    "experience": 200
  }
}