{
  "display": {
    "icon": {
      "item": "minecraft:powder_snow_bucket"
    },
    "title": "粉雪、ねえ",
    "description": "粉雪をバケツですくう",
    "frame": "task",
    "show_toast": true,
    "announce_to_chat": true,
    "hidden": false
  },
  "parent": "minecraft:adventure/root",
  "criteria": {
    "a": {
      "trigger": "minecraft:inventory_changed",
      "conditions": {
        "items": [
          {
            "items": [
              "minecraft:powder_snow_bucket"
            ]
          }
        ]
      }
    }
  }
}